{"cameraMode":{"drawMode":0,"name":"Shaded","section":"Shading Mode"},"sceneLighting":true,"audioPlay":false,"sceneViewState":{"showFog":true,"showMaterialUpdate":true,"showSkybox":true,"showFlares":true,"showImageEffects":true,"showParticleSystems":true},"in2DMode":false,"pivot":{"x":-1.9822235107421876,"y":4.828213691711426,"z":-1.0865473747253419},"rotation":{"x":-0.20961660146713258,"y":-0.6679253578186035,"z":0.20464715361595155,"w":-0.6841464042663574},"size":16.09735679626465,"orthographic":false}