{"cameraMode":{"drawMode":0,"name":"Shaded","section":"Shading Mode"},"sceneLighting":true,"audioPlay":false,"sceneViewState":{"showFog":true,"showMaterialUpdate":true,"showSkybox":true,"showFlares":true,"showImageEffects":true,"showParticleSystems":true},"in2DMode":false,"pivot":{"x":148.20277404785157,"y":166.49398803710938,"z":-47.9954833984375},"rotation":{"x":-0.19250018894672395,"y":0.03149173781275749,"z":-0.006180670112371445,"w":-0.9807720184326172},"size":807.2613525390625,"orthographic":false}